title,company,location,tags,date_posted,source,days_since_posted
Full Stack Software Engineer,Daisychain,,"['engineer', ' dev', ' javascript', ' ruby', ' postgres', ' vue', ' typescript', ' redis', ' aws']",2025-05-14 15:01:34+00:00,RemoteOK,1
Testing Engineer,Trial Library,"San Francisco, CA","['testing', ' system', ' frontend', ' security', ' python', ' software', ' test', ' code', ' qa', ' typescript', ' api', ' reliability', ' health', ' healthcare', ' engineer', ' engineering', ' backend']",2025-05-14 00:00:07+00:00,RemoteOK,1
Accountant,Find,Sliema,"['accountant', ' support', ' controller', ' accounting', ' financial', ' finance', ' microsoft', ' management', ' operations', ' non tech']",2025-05-13 16:00:31+00:00,RemoteOK,2
Commercial Content Editor,Find,,"['crypto', ' cryptocurrency', ' financial', ' seo', ' management', ' content', ' operations', ' sales', ' non tech']",2025-05-13 16:00:25+00:00,RemoteOK,2
Salesforce Engineer,Oowlish Technology,,"['salesforce', ' software', ' growth', ' engineer']",2025-05-13 08:00:16+00:00,RemoteOK,2
Account Coordinator,Bluelight Consulting,"Indianapolis, Indiana","['consulting', ' training', ' coordinator', ' support', ' growth', ' manager', ' education', ' management', ' content', ' senior', ' marketing']",2025-05-13 08:00:10+00:00,RemoteOK,2
Head of Growth,AVA Foundation,Anywhere,"['growth', ' design', ' web3', ' crypto', ' test', ' travel', ' strategy', ' management', ' lead', ' digital nomad']",2025-05-13 06:00:04+00:00,RemoteOK,2
Werkstudent im Bereich SAP &amp; Cloud Automation,Public Cloud Group,Alle,"['python', ' cloud', ' linux']",2025-05-12 16:00:04+00:00,RemoteOK,3
Senior Golang Engineer,WunderGraph,,"['golang', ' graphql', ' senior', ' golang', ' engineer']",2025-05-12 10:15:02+00:00,RemoteOK,3
Software Engineering Team Lead,bloXroute Labs,Remote,"['software', ' support', ' testing', ' growth', ' code', ' lead', ' go', ' engineering', ' backend']",2025-05-12 09:00:02+00:00,RemoteOK,3
Salesforce Lead,Bounteous,India,"['salesforce', ' design', ' security', ' consultancy', ' technical', ' software', ' management', ' lead', ' analytics', ' legal', ' digital nomad']",2025-05-11 16:00:19+00:00,RemoteOK,4
Mid Market Sales Account Executive,FiscalNote,United States - Remote,"['salesforce', ' training', ' support', ' software', ' leader', ' management', ' lead', ' sales', ' recruiting', ' executive']",2025-05-11 16:00:12+00:00,RemoteOK,4
Support Specialist,Vesta,Remote,"['system', ' security', ' support', ' software', ' financial', ' finance', ' cloud', ' engineering']",2025-05-11 14:00:03+00:00,RemoteOK,4
Senior Data Analytics Engineer,Fullscript,,"['design', ' python', ' technical', ' support', ' testing', ' growth', ' code', ' devops', ' financial', ' cloud', ' leader', ' senior', ' junior', ' analytics', ' health', ' healthcare', ' engineer', ' engineering', ' digital nomad']",2025-05-10 21:00:03+00:00,RemoteOK,5
Digital Editorial Manager,Cozymeal,,"['manager', ' support', ' seo', ' lead', ' content']",2025-05-10 13:00:08+00:00,RemoteOK,5
Senior Fullstack Software Engineer,Blotato,,"['dev', ' javascript', ' typescript', ' heroku', ' aws']",2025-05-10 01:38:55+00:00,RemoteOK,5
Investment Manager,Wintermute,USA / Remote,"['manager', ' web3', ' defi', ' crypto', ' cryptocurrency', ' technical', ' support', ' software', ' growth', ' financial', ' investment', ' finance', ' admin', ' management']",2025-05-09 21:00:06+00:00,RemoteOK,6
Content Writer,Blink UX,All Locations,"['design', ' consulting', ' technical', ' recruiter', ' writer', ' growth', ' ux', ' voice', ' seo', ' ads', ' content', ' marketing', ' analytics', ' sales', ' digital nomad']",2025-05-09 11:00:11+00:00,RemoteOK,6
Sales Development Representative,Torch,Remote,"['support', ' lead', ' marketing', ' sales']",2025-05-09 11:00:02+00:00,RemoteOK,6
Sr Software Engineer Cross Platform Applications,Smallstep,,"['golang', ' software', ' engineer']",2025-05-08 17:15:03+00:00,RemoteOK,7
Sr Software Engineer Backend Web Applications,Smallstep,,"['golang', ' software', ' web', ' engineer', ' backend']",2025-05-08 17:15:03+00:00,RemoteOK,7
Web3 Marketing Manager,"Manta Network, Powered by p0x labs",Anywhere,"['web3', ' manager', ' voice', ' content', ' marketer', ' marketing', ' full-time', ' non tech']",2025-05-08 17:00:02+00:00,RemoteOK,7
Web3 Marketing Manager,"Manta Network, Powered by p0x labs",Anywhere,"['web3', ' manager', ' content', ' marketer', ' marketing', ' full-time', ' non tech']",2025-05-08 11:00:01+00:00,RemoteOK,7
Smart Contract Engineer,Risk Labs,Remote,"['design', ' defi', ' crypto', ' training', ' game', ' technical', ' support', ' software', ' code', ' junior', ' engineer', ' engineering', ' digital nomad']",2025-05-08 09:00:03+00:00,RemoteOK,7
Australia Deputy MLRO,MoonPay,Australia - Remote,"['web3', ' crypto', ' training', ' recruiter', ' support', ' software', ' growth', ' voice', ' financial', ' video', ' finance', ' management', ' senior', ' analytics']",2025-05-07 16:00:08+00:00,RemoteOK,8
Account Executive,Creator Deck,Remote,"['content', ' health', ' executive']",2025-05-07 15:00:09+00:00,RemoteOK,8
Design Centric Senior Front End Engineer,Dapper Labs,"US / Canada, Remote","['design', ' front-end', ' frontend', ' software', ' code', ' javascript', ' css', ' senior', ' engineer', ' digital nomad']",2025-05-07 14:00:04+00:00,RemoteOK,8
Senior Software Engineer Hosted Team,Cast AI,,"['golang', ' software', ' senior', ' engineer']",2025-05-07 09:15:04+00:00,RemoteOK,8
Sr Software Engineer,Smallstep,,"['golang', ' software', ' engineer']",2025-05-07 08:15:02+00:00,RemoteOK,8
Senior Front End Engineer,Maxflow BV / CrazyGames,,"['design', ' react', ' front-end', ' frontend', ' designer', ' code', ' manager', ' typescript', ' senior', ' analytics', ' engineer', ' engineering', ' digital nomad']",2025-05-07 08:01:50+00:00,RemoteOK,8
Technical Documentation Engineer,Tether Operations Limited,,"['bitcoin', ' technical', ' writer', ' support', ' growth', ' code', ' financial', ' fintech', ' git', ' node.js', ' leader', ' ops', ' engineer']",2025-05-07 08:01:42+00:00,RemoteOK,8
Dutch Content Creator,TransPerfect,,['content'],2025-05-07 08:01:32+00:00,RemoteOK,8
Product Marketing Manager Europe,Hostaway,,"['manager', ' saas', ' testing', ' growth', ' education', ' strategy', ' marketing', ' sales', ' health']",2025-05-07 08:01:24+00:00,RemoteOK,8
Account Executive,Actindo AG,,"['saas', ' software', ' sales', ' backend', ' executive']",2025-05-07 08:00:55+00:00,RemoteOK,8
Software Engineer III,Nextech,Remote,"['software', ' full-stack', ' technical', ' support', ' code', ' travel', ' scrum', ' accounting', ' devops', ' javascript', ' finance', ' microsoft', ' leader', ' healthcare', ' engineer']",2025-05-07 08:00:39+00:00,RemoteOK,8
Data and Business Intelligence Engineer Mid Level Fully,Utility Profit + Sunroom,,"['design', ' saas', ' leader', ' operations', ' telecom', ' engineer', ' educational', ' digital nomad']",2025-05-07 08:00:15+00:00,RemoteOK,8
Senior Software Engineer,Nava,Remote,"['software', ' design', ' security', ' python', ' training', ' consultancy', ' technical', ' support', ' growth', ' code', ' web', ' travel', ' devops', ' java', ' cloud', ' mobile', ' senior', ' health', ' recruiting', ' engineer', ' engineering', ' backend', ' digital nomad']",2025-05-07 08:00:03+00:00,RemoteOK,8
Learning Cohort Moderator,Generation,,"['design', ' system', ' teach', ' support', ' travel', ' adult', ' financial', ' management', ' content', ' analytics', ' part-time', ' digital nomad']",2025-05-07 06:00:05+00:00,RemoteOK,8
Category Manager Walmart,e.l.f. Beauty,United States - Remote,"['manager', ' growth', ' microsoft', ' excel', ' analytics', ' sales', ' full-time']",2025-05-07 00:00:07+00:00,RemoteOK,8
Mobile App Developer,CrazyGames,,"['dev', ' mobile', ' iOS', ' android', ' web dev', ' javascript', ' react']",2025-05-06 13:21:31+00:00,RemoteOK,9
Product Partnerships Manager,Presto,APAC,"['manager', ' design', ' crypto', ' cryptocurrency', ' growth', ' fintech', ' management', ' digital nomad']",2025-05-06 13:00:03+00:00,RemoteOK,9
Member of Technical Staff Transparency Front End Engineer,Anchorage Digital,United States,"['crypto', ' frontend', ' security', ' technical', ' support', ' software', ' testing', ' test', ' growth', ' code', ' web', ' javascript', ' financial', ' finance', ' bank', ' marketing', ' legal', ' engineer', ' engineering']",2025-05-06 10:00:04+00:00,RemoteOK,9
Head of Marketing,The People Brand,United States,"['amazon', ' ceo', ' technical', ' test', ' growth', ' strategy', ' management', ' lead', ' content', ' marketing', ' sales']",2025-05-06 00:00:50+00:00,RemoteOK,9
Backend Software Engineer,Firework,Canada,"['software', ' design', ' saas', ' graphql', ' system', ' python', ' technical', ' code', ' video', ' engineer', ' engineering', ' backend', ' digital nomad']",2025-05-06 00:00:22+00:00,RemoteOK,9
Sales Development Representative,Firework,MÃ©xico,"['saas', ' salesforce', ' support', ' growth', ' video', ' lead', ' content', ' operations', ' sales']",2025-05-06 00:00:08+00:00,RemoteOK,9
QA Engineer,Contra,,['engineer'],2025-05-05 22:27:36+00:00,RemoteOK,10
Social Media Editor,Contra,,"['marketing', ' other', ' social media']",2025-05-05 22:25:27+00:00,RemoteOK,10
Influencer Marketing Intern,NextStep,,"['marketing', ' internship', ' social media', ' remote', ' influencer-marketing', ' digital marketing', ' entry level', ' campaign-management']",2025-05-04 11:19:35+00:00,RemoteOK,11
Principal Product Designer,15Five,"US, Remote","['design', ' hr', ' training', ' designer', ' test', ' ux', ' manager', ' education', ' management', ' health', ' full-time', ' digital nomad']",2025-05-04 09:00:06+00:00,RemoteOK,11
Operations Intern,CoinGecko,Malaysia,"['web3', ' nft', ' cryptocurrency', ' cryptocurrencies', ' support', ' web', ' financial', ' education', ' leader', ' operations', ' analytics', ' internship', ' non tech']",2025-05-04 06:00:04+00:00,RemoteOK,11
Software Engineer Android,Ontic,"Noida, India","['software', ' design', ' developer', ' testing', ' ui', ' code', ' education', ' cloud', ' git', ' android', ' engineer', ' digital nomad']",2025-05-03 14:00:05+00:00,RemoteOK,12
Computational Journalist Data Reporting,500 WP Company LLC,DC-Washington-TWP Headquarters,"['embedded', ' training', ' software', ' director', ' devops', ' education', ' cloud', ' leader', ' health', ' engineering', ' full-time', ' part-time']",2025-05-03 00:00:03+00:00,RemoteOK,12
Fullstack Software Engineer,BlackCloak,United States,"['software', ' design', ' system', ' front-end', ' back-end', ' architect', ' technical', ' code', ' web', ' devops', ' javascript', ' css', ' nosql', ' api', ' mobile', ' lead', ' junior', ' health', ' engineer', ' fullstack', ' full-time', ' digital nomad']",2025-05-02 18:00:07+00:00,RemoteOK,13
Salesforce Developer,StackAdapt,Canada,"['salesforce', ' developer', ' design', ' saas', ' system', ' security', ' training', ' technical', ' support', ' software', ' scrum', ' devops', ' cloud', ' css', ' ads', ' api', ' administrator', ' leader', ' management', ' lead', ' operations', ' operational', ' marketing', ' sales', ' health', ' digital nomad']",2025-05-02 16:00:10+00:00,RemoteOK,13
Senior Technical Product Manager Wallets,Tether Operations Limited,,"['manager', ' defi', ' crypto', ' bitcoin', ' technical', ' testing', ' growth', ' javascript', ' financial', ' fintech', ' leader', ' management', ' lead', ' senior', ' ops']",2025-05-02 15:00:04+00:00,RemoteOK,13
Copywriter,MissionWired,United States - Remote Flexibility,"['copywriter', ' support', ' voice', ' lead', ' marketing', ' health', ' non tech']",2025-05-02 14:00:06+00:00,RemoteOK,13
Lead Backend Engineer Debugger,Tenderly,Europe OR In-Office Belgrade,"['design', ' web3', ' ethereum', ' system', ' full-stack', ' technical', ' support', ' growth', ' code', ' cloud', ' node', ' management', ' lead', ' reliability', ' engineer', ' engineering', ' backend', ' digital nomad']",2025-05-02 10:00:03+00:00,RemoteOK,13
Commerce Editor Temporary,BDG,"New York, NY","['amazon', ' wordpress', ' strategy', ' content', ' marketing', ' analytics', ' sales', ' health', ' e-commerce', ' non tech']",2025-05-01 21:00:01+00:00,RemoteOK,14
Senior Software Engineer,Contra,,"['dev', ' engineer', ' full stack']",2025-05-01 18:05:55+00:00,RemoteOK,14
Licensed Professional Clinical Counselor California,Headlight,"Remote, California","['training', ' consult', ' support', ' software', ' growth', ' lead', ' marketing', ' health', ' executive']",2025-05-01 16:00:15+00:00,RemoteOK,14
Customer Success Manager,Revinate,Australia,"['manager', ' saas', ' hr', ' security', ' consult', ' technical', ' support', ' growth', ' education', ' management', ' lead', ' marketing', ' sales']",2025-05-01 00:00:07+00:00,RemoteOK,14
Product Manager VIP,Gate.io,APAC,['manager'],2025-04-30 10:00:04+00:00,RemoteOK,15
Content Creator,Contra,,"['other', ' social media']",2025-04-29 16:57:17+00:00,RemoteOK,16
Social Media Video Editor,Contra,,"['video', ' social media', ' other']",2025-04-29 16:55:28+00:00,RemoteOK,16
Itinerary Creator Turn Your Travels Into ome,Worldee,,"['other', ' travel', ' writing', ' marketing']",2025-04-29 14:44:28+00:00,RemoteOK,16
Freight Broker,Givens Transportation Solutions,,"['sales', ' transportation']",2025-04-29 13:47:19+00:00,RemoteOK,16
Research Scientist Statistical Genetics,Deep Genomics,North America,"['software', ' testing', ' growth', ' code', ' cloud', ' biology']",2025-04-29 11:00:01+00:00,RemoteOK,16
QA Automation Engineer,Kodify Media Group,,['quality assurance'],2025-04-29 10:36:20+00:00,RemoteOK,16
Member of Product Atlas Settlement,Anchorage Digital,United States,"['design', ' crypto', ' cryptocurrency', ' security', ' technical', ' manager', ' financial', ' finance', ' fintech', ' banking', ' bank', ' strategy', ' management', ' operational', ' legal', ' engineering', ' digital nomad']",2025-04-29 10:00:04+00:00,RemoteOK,16
Senior Software Engineer Full Stack,Cyngn,"Menlo Park, CA","['software', ' design', ' saas', ' system', ' frontend', ' docker', ' code', ' voice', ' java', ' cloud', ' nosql', ' typescript', ' api', ' management', ' senior', ' operational', ' go', ' health', ' engineer', ' backend', ' full-time', ' digital nomad']",2025-04-28 18:00:03+00:00,RemoteOK,17
Sales Operations,Anchorage Digital,United States,"['design', ' crypto', ' salesforce', ' security', ' technical', ' support', ' growth', ' accounting', ' financial', ' investment', ' investor', ' finance', ' bank', ' strategy', ' management', ' lead', ' senior', ' operations', ' operational', ' marketing', ' analytics', ' legal', ' sales', ' digital nomad']",2025-04-28 10:00:03+00:00,RemoteOK,17
Product Engineer Frontend,Quash,,"['frontend', ' design', ' react', ' system', ' front-end', ' architect', ' technical', ' support', ' testing', ' test', ' qa', ' typescript', ' strategy', ' engineer', ' backend', ' digital nomad']",2025-04-28 03:00:16+00:00,RemoteOK,17
Head of Operations Japan,Xsolla,Tokyo,"['game', ' gaming', ' support', ' software', ' growth', ' management', ' operations', ' operational']",2025-04-27 00:00:10+00:00,RemoteOK,18
Data Analyst,KPA,Remote,"['analyst', ' saas', ' salesforce', ' training', ' consulting', ' technical', ' support', ' software', ' content', ' operations', ' excel', ' health']",2025-04-26 16:00:02+00:00,RemoteOK,19
React + Node Developer Web Applications,Oowlish Technology,,"['react', ' developer', ' web', ' frontend', ' security', ' full-stack', ' docker', ' software', ' growth', ' code', ' node', ' management', ' engineering', ' backend', ' fullstack', ' digital nomad']",2025-04-26 00:00:05+00:00,RemoteOK,19
Photo Editor,PlayOn,"Alpharetta, GA","['teach', ' students', ' support', ' travel', ' video', ' leader', ' management', ' content', ' excel', ' health', ' full-time', ' part-time', ' non tech']",2025-04-25 22:00:02+00:00,RemoteOK,20
DevOps Engineer Staking,Crypto.com,,"['cryptocurrency', ' system', ' security', ' support', ' devops', ' cloud', ' engineer', ' recruitment', ' linux']",2025-04-25 13:00:01+00:00,RemoteOK,20
Business Operations Administrator,Anagram,Anywhere,"['support', ' accounting', ' payroll', ' finance', ' administrator', ' management', ' operations', ' operational', ' recruiting', ' non tech']",2025-04-25 12:00:04+00:00,RemoteOK,20
Project Coordinator,Lead Bank,Remote,"['design', ' embedded', ' training', ' technical', ' coordinator', ' support', ' manager', ' financial', ' fintech', ' banking', ' finance', ' bank', ' management', ' exec', ' lead', ' content', ' senior', ' operations', ' operational', ' legal', ' digital nomad']",2025-04-24 19:00:12+00:00,RemoteOK,21
Associate Program Manager,Lead Bank,Remote,"['manager', ' design', ' embedded', ' training', ' technical', ' support', ' financial', ' fintech', ' banking', ' finance', ' bank', ' management', ' exec', ' lead', ' content', ' senior', ' operations', ' operational', ' legal', ' digital nomad']",2025-04-24 19:00:02+00:00,RemoteOK,21
Venture Capital Social Media Manager,VC Lab,Palo Alto,"['manager', ' growth', ' director', ' voice', ' investment', ' leader', ' strategy', ' management', ' content', ' analytics', ' educational']",2025-04-24 10:00:03+00:00,RemoteOK,21
Manager Maintenance,Commonwealth Fusion Systems,"Devens, MA","['manager', ' design', ' system', ' technical', ' growth', ' travel', ' assembly', ' scheme', ' leader', ' management', ' lead', ' excel', ' engineering', ' executive', ' full-time', ' digital nomad']",2025-04-24 08:01:19+00:00,RemoteOK,21
Implementation Specialist,SpryPoint,USA,"['support', ' software', ' testing', ' growth', ' travel', ' manager', ' financial', ' investment', ' management', ' senior', ' operations', ' analytics', ' sales', ' go']",2025-04-24 08:00:31+00:00,RemoteOK,21
Senior Full Stack Developer,Zammad,,"['dev', ' full stack', ' full time']",2025-04-24 07:52:28+00:00,RemoteOK,21
Senior Software Engineer KSPM,Cast AI,,"['golang', ' software', ' security', ' senior', ' engineer']",2025-04-23 18:15:05+00:00,RemoteOK,22
Software Engineer III,Jack Henry,,"['golang', ' software', ' engineer']",2025-04-23 18:15:04+00:00,RemoteOK,22
Software Engineer Infrastructure,Gauntlet,New York City / San Francisco / Los Angeles / Remote,"['software', ' design', ' defi', ' crypto', ' system', ' technical', ' support', ' code', ' financial', ' finance', ' cloud', ' operations', ' reliability', ' engineer', ' digital nomad']",2025-04-23 14:00:28+00:00,RemoteOK,22
Software Engineer Data,Gauntlet,New York City / San Francisco / Los Angeles / Remote,"['software', ' design', ' defi', ' crypto', ' system', ' python', ' technical', ' support', ' code', ' financial', ' operations', ' analytics', ' reliability', ' engineer', ' backend', ' digital nomad']",2025-04-23 10:00:17+00:00,RemoteOK,22
Software Engineer III Frontend,Shippo,United States,"['frontend', ' software', ' design', ' technical', ' test', ' growth', ' code', ' web', ' qa', ' financial', ' api', ' lead', ' marketing', ' recruiting', ' engineer', ' engineering', ' e-commerce', ' digital nomad']",2025-04-23 08:01:41+00:00,RemoteOK,22
HQ Senior Frontend Engineer,Job&amp;Talent,"Madrid HQ, ES","['frontend', ' design', ' amazon', ' react', ' redis', ' system', ' technical', ' software', ' testing', ' web', ' voice', ' javascript', ' cloud', ' git', ' ruby', ' rails', ' api', ' senior', ' engineer', ' digital nomad']",2025-04-23 08:01:34+00:00,RemoteOK,22
Software Engineer Microservices,Kong,Toronto,"['software', ' saas', ' system', ' technical', ' developer', ' code', ' web', ' cloud', ' git', ' typescript', ' api', ' leader', ' management', ' sales', ' healthcare', ' engineer', ' engineering', ' digital nomad']",2025-04-23 08:01:13+00:00,RemoteOK,22
Product Manager,Nextech,Remote,"['manager', ' jira', ' technical', ' support', ' software', ' travel', ' accounting', ' finance', ' leader', ' lead', ' operational', ' marketing', ' healthcare', ' educational']",2025-04-23 08:00:49+00:00,RemoteOK,22
Brand Designer,Contra,,"['other', ' data', ' consulting', ' design']",2025-04-22 19:49:20+00:00,RemoteOK,23
Motion Designer,Contra,,"['other', ' data', ' consulting', ' design']",2025-04-22 19:43:05+00:00,RemoteOK,23
Data Engineer,Aquent Talent,New York City Metropolitan Area,[''],2025-05-15 20:59:58+00:00,LinkedIn (RapidAPI),0
Data Engineer,Aorzon Technologies Inc,New York,[''],2025-05-15 20:23:26+00:00,LinkedIn (RapidAPI),0
"Data Engineer (Onsite, US)","AVT, a Wipro company",Fremont,[''],2025-05-15 20:13:45+00:00,LinkedIn (RapidAPI),0
"Data Engineer (Onsite, US)","AVT, a Wipro company",Austin,[''],2025-05-15 20:13:45+00:00,LinkedIn (RapidAPI),0
Mechanical Sales Engineer - Data Center Cooling (mission-critical manufacturing exp. req.),#twiceasnice Recruiting,Texas,[''],2025-05-15 20:11:24+00:00,LinkedIn (RapidAPI),0
Senior Data Engineer,InfoVision Inc.,Irving,[''],2025-05-15 20:04:57+00:00,LinkedIn (RapidAPI),0
Senior Fabric Data Engineer,INSPYR Solutions,Miami,[''],2025-05-15 19:58:04+00:00,LinkedIn (RapidAPI),0
"Intern, Automation Data Engineer",Cell Signaling Technology (CST),Danvers,[''],2025-05-15 19:53:04+00:00,LinkedIn (RapidAPI),0
Principal Data Engineer - AI Systems Performance Engineering,Visa,Austin,[''],2025-05-15 19:47:15+00:00,LinkedIn (RapidAPI),0
Data Center Structured Cabling-Project Engineer I | Mortenson,Mortenson,Rayville,[''],2025-05-15 19:44:41+00:00,LinkedIn (RapidAPI),0
Data Engineer,Robert Half,New York,[''],2025-05-15 19:44:37+00:00,LinkedIn (RapidAPI),0
Data Infrastructure Engineer,Robert Half,New York,[''],2025-05-15 19:44:36+00:00,LinkedIn (RapidAPI),0
Data Engineer,Robert Half,Washington,[''],2025-05-15 19:44:36+00:00,LinkedIn (RapidAPI),0
Senior Data Engineer,viaPhoton,New York,[''],2025-05-15 19:42:59+00:00,LinkedIn (RapidAPI),0
Data Engineer - Hadoop,Matlen Silver,Charlotte,[''],2025-05-15 19:39:35+00:00,LinkedIn (RapidAPI),0
Senior Data Engineer,Aura Intelligence,New York,[''],2025-05-15 19:23:09+00:00,LinkedIn (RapidAPI),0
Senior Data Engineer,JS Consulting,Jersey City,[''],2025-05-15 19:19:04+00:00,LinkedIn (RapidAPI),0
"Data Engineer (HybridMust commute to Sleepy Eye, MN)",Christensen Farms,Sleepy Eye,[''],2025-05-15 19:16:09+00:00,LinkedIn (RapidAPI),0
Principal Engineer Software - AI Data Pipeline,Palo Alto Networks,Santa Clara,[''],2025-05-15 19:15:28+00:00,LinkedIn (RapidAPI),0
Data Engineer,Gradient AI,Boston,[''],2025-05-15 19:14:40+00:00,LinkedIn (RapidAPI),0
Senior Data Engineer,Foundation Software,Strongsville,[''],2025-05-15 19:14:11+00:00,LinkedIn (RapidAPI),0
Data Engineer,TieTalent,Zwolle,[''],2025-05-15 19:07:20+00:00,LinkedIn (RapidAPI),0
ETL &#038; Data Quality Engineer (Informatica + Matillion) ,Highbrow LLC,Austin,[''],2025-05-15 19:05:36+00:00,LinkedIn (RapidAPI),0
Senior Data / ML Engineer,Highbrow LLC,Atlanta,[''],2025-05-15 19:05:27+00:00,LinkedIn (RapidAPI),0
Data Application Engineer,Tyler Technologies,Overland Park,[''],2025-05-15 19:03:21+00:00,LinkedIn (RapidAPI),0
Senior Data Engineer,Mass General Brigham,Boston,[''],2025-05-15 18:59:30+00:00,LinkedIn (RapidAPI),0
Engineering - Market Data Engineering - Software Engineer - Associate - Dallas,Goldman Sachs,Dallas,[''],2025-05-15 18:58:08+00:00,LinkedIn (RapidAPI),0
AWS Data Engineer,Apex Systems,Houston,[''],2025-05-15 18:54:21+00:00,LinkedIn (RapidAPI),0
Data Center Engineer,Apex Systems,Reston,[''],2025-05-15 18:54:21+00:00,LinkedIn (RapidAPI),0
Machine Learning Data Engineer,Apex Systems,Fort Worth,[''],2025-05-15 18:54:21+00:00,LinkedIn (RapidAPI),0
Staff Data Engineer,Tenstorrent,Santa Clara,[''],2025-05-15 18:48:22+00:00,LinkedIn (RapidAPI),0
Lead Data Engineer,Ryan Specialty,Chicago,[''],2025-05-15 18:47:07+00:00,LinkedIn (RapidAPI),0
Data Center Engineer,Insight Global,Memphis,[''],2025-05-15 18:45:51+00:00,LinkedIn (RapidAPI),0
Data Engineer - Transformation Logistics,CVS Health,Austin,[''],2025-05-15 18:42:08+00:00,LinkedIn (RapidAPI),0
Data Engineer,Elder Research,Arlington,[''],2025-05-15 18:38:35+00:00,LinkedIn (RapidAPI),0
Data Engineer,Compunnel Inc.,Smithfield,[''],2025-05-15 18:38:04+00:00,LinkedIn (RapidAPI),0
Data & BI Engineer (contract),Wells Fargo,Charlotte,[''],2025-05-15 18:36:42+00:00,LinkedIn (RapidAPI),0
Azure Data Engineer,Recru,Sugar Land,[''],2025-05-15 18:32:57+00:00,LinkedIn (RapidAPI),0
Medical Analytics Data Engineer,Pfizer,Tampa,[''],2025-05-15 18:30:19+00:00,LinkedIn (RapidAPI),0
Medical Analytics Data Engineer,Pfizer,Cambridge,[''],2025-05-15 18:30:19+00:00,LinkedIn (RapidAPI),0
Medical Analytics Data Engineer,Pfizer,Pennsylvania,[''],2025-05-15 18:30:19+00:00,LinkedIn (RapidAPI),0
Medical Analytics Data Engineer,Pfizer,La Jolla,[''],2025-05-15 18:30:19+00:00,LinkedIn (RapidAPI),0
Medical Analytics Data Engineer,Pfizer,New York,[''],2025-05-15 18:30:19+00:00,LinkedIn (RapidAPI),0
Medical Analytics Data Engineer,Pfizer,New York,[''],2025-05-15 18:30:19+00:00,LinkedIn (RapidAPI),0
Senior KDB Data Engineer,hackajob,New York,[''],2025-05-15 18:27:13+00:00,LinkedIn (RapidAPI),0
Data Engineer - $150k+,Feldspar & Flint LLC,Austin,[''],2025-05-15 18:24:37+00:00,LinkedIn (RapidAPI),0
Data Engineer,Wiraa,Texas,[''],2025-05-15 18:23:55+00:00,LinkedIn (RapidAPI),0
Principal Engineer Software (Prisma Access Data-Plane Applications),Palo Alto Networks,Santa Clara,[''],2025-05-15 18:21:13+00:00,LinkedIn (RapidAPI),0
Data Operations Engineer,Truist,Charlotte,[''],2025-05-15 18:20:51+00:00,LinkedIn (RapidAPI),0
Data Operations Engineer,Truist,Raleigh,[''],2025-05-15 18:20:51+00:00,LinkedIn (RapidAPI),0
Lead Data Systems Engineer,Truist,Raleigh,[''],2025-05-15 18:20:51+00:00,LinkedIn (RapidAPI),0
Data Operations Engineer,Truist,Wilson,[''],2025-05-15 18:20:51+00:00,LinkedIn (RapidAPI),0
Data Operations Engineer,Truist,Atlanta,[''],2025-05-15 18:20:51+00:00,LinkedIn (RapidAPI),0
Data Operations Engineer,Truist,Richmond,[''],2025-05-15 18:20:51+00:00,LinkedIn (RapidAPI),0
Data Center Facility Engineer,Allied OneSource,Kansas City,[''],2025-05-15 18:18:56+00:00,LinkedIn (RapidAPI),0
Principal Engineer Software - AI Data Pipeline,Palo Alto Networks,Santa Clara,[''],2025-05-15 18:15:20+00:00,LinkedIn (RapidAPI),0
Lead Data Engineer,Jobs via Dice,Eagan,[''],2025-05-15 18:11:01+00:00,LinkedIn (RapidAPI),0
Data Engineer,Jobs via Dice,Washington,[''],2025-05-15 18:11:01+00:00,LinkedIn (RapidAPI),0
Data Engineer,Jobs via Dice,Inver Grove Heights,[''],2025-05-15 18:11:01+00:00,LinkedIn (RapidAPI),0
Data & ML Engineer,Jobs via Dice,Costa Mesa,[''],2025-05-15 18:11:00+00:00,LinkedIn (RapidAPI),0
Data Engineer,Jobs via Dice,Atlanta,[''],2025-05-15 18:11:00+00:00,LinkedIn (RapidAPI),0
Data Center Engineer,Jobs via Dice,Richardson,[''],2025-05-15 18:11:00+00:00,LinkedIn (RapidAPI),0
Lead Data Engineer,Jobs via Dice,Eagan,[''],2025-05-15 18:11:00+00:00,LinkedIn (RapidAPI),0
"AWS Data Engineer (onsite role - Seattle, WA)",Jobs via Dice,Seattle,[''],2025-05-15 18:10:59+00:00,LinkedIn (RapidAPI),0
Azure Data Engineer,Jobs via Dice,Woodbridge,[''],2025-05-15 18:10:58+00:00,LinkedIn (RapidAPI),0
Intermediate Snowflake Data Platform Engineer,Jobs via Dice,Dallas,[''],2025-05-15 18:10:57+00:00,LinkedIn (RapidAPI),0
Jr Data Engineer (Life and Annuity),Jobs via Dice,Boston,[''],2025-05-15 18:10:57+00:00,LinkedIn (RapidAPI),0
Data Engineer,Jobs via Dice,Seattle,[''],2025-05-15 18:10:55+00:00,LinkedIn (RapidAPI),0
Snowflake Developer / Data Engineer,Jobs via Dice,New Providence,[''],2025-05-15 18:10:53+00:00,LinkedIn (RapidAPI),0
Lead Data Engineer,Jobs via Dice,Jersey City,[''],2025-05-15 18:10:52+00:00,LinkedIn (RapidAPI),0
Data Engineer (Local candidates only -Onsite),Jobs via Dice,Cincinnati,[''],2025-05-15 18:10:52+00:00,LinkedIn (RapidAPI),0
Python Data Engineer,Jobs via Dice,Houston,[''],2025-05-15 18:10:51+00:00,LinkedIn (RapidAPI),0
"Sr. Data Engineer (AWS, PySpark, Python)",Jobs via Dice,Centreville,[''],2025-05-15 18:10:50+00:00,LinkedIn (RapidAPI),0
QA Engineer Data & API Testing W2/FTE Onsite only,Jobs via Dice,St Louis,[''],2025-05-15 18:10:50+00:00,LinkedIn (RapidAPI),0
Data Engineer With Data Lake Services,Jobs via Dice,Vermont,[''],2025-05-15 18:10:50+00:00,LinkedIn (RapidAPI),0
